<application>
  <component name="FileTypeManager" version="17">
    <extensionMap>
      <mapping pattern="TransactionG" type="JSON" />
      <mapping pattern="TransactionB" type="JSON" />
      <mapping ext="main.kts" type="Kotlin" />
      <mapping pattern="gradlew" type="PLAIN_TEXT" />
      <mapping pattern=".openapi-generator-ignore" type="PLAIN_TEXT" />
      <mapping pattern="TransactionB.json" type="PLAIN_TEXT" />
      <mapping pattern="AsrarKaMainSe.java" type="PLAIN_TEXT" />
      <mapping ext="avsc" type="PLAIN_TEXT" />
      <mapping ext="on" type="PLAIN_TEXT" />
      <mapping ext="bin" type="PLAIN_TEXT" />
      <mapping ext="lck" type="PLAIN_TEXT" />
      <mapping ext="0" type="PLAIN_TEXT" />
    </extensionMap>
  </component>
</application>