<application>
  <component name="FindSettings">
    <option name="customScope" value="All Places" />
    <option name="defaultScopeName" value="All Places" />
    <option name="SEARCH_SCOPE" value="All Places" />
    <mask>*.css</mask>
    <mask>*.html</mask>
    <mask>*.xml</mask>
    <mask>*.jsp</mask>
    <mask>*.properties</mask>
    <mask>*.yaml</mask>
    <mask>*java</mask>
    <mask>!*Test.java, !*.xsd</mask>
    <mask>EpiDataResponse</mask>
    <mask>*yml</mask>
    <mask>*.gradle</mask>
    <mask>*.ftl</mask>
    <mask>!Test*.java</mask>
    <mask>*.sql</mask>
    <mask>!*Test.Java</mask>
    <mask>!*Test*.java</mask>
    <mask>!*.feature</mask>
    <mask>!*Test.java</mask>
    <mask>*</mask>
    <mask>!*.java</mask>
    <mask>*.java</mask>
    <mask>*.yml</mask>
    <mask>!*.log</mask>
    <mask>*Test.java</mask>
    <mask>*.json</mask>
  </component>
</application>